,PatchTST,N-HiTS,LSTM,GRU,LightGBM,XGBoost,Persistence,SmartPersistence,GFS,AHSE_global,AHSE
PatchTST,1.0,0.611675915661572,6.288329289686602e-159,1.3528261584369132e-133,4.859213419772339e-248,4.496125680954219e-247,0.0,7.0522068656024e-90,0.0,4.496125680954219e-247,8.743214096366915e-252
N-HiTS,0.611675915661572,1.0,7.986969823623778e-187,1.6779670111406805e-148,7.230242565836945e-186,2.3696514490810796e-186,0.0,4.081541675251771e-75,0.0,2.3696514490810796e-186,8.759252314159863e-190
LSTM,6.288329289686602e-159,7.986969823623778e-187,1.0,0.031161604501843413,0.0,0.0,0.0,0.005838081924418847,0.0,0.0,0.0
GRU,1.3528261584369132e-133,1.6779670111406805e-148,0.031161604501843413,1.0,0.0,0.0,0.0,0.20517822046003875,0.0,0.0,0.0
LightGBM,4.859213419772339e-248,7.230242565836945e-186,0.0,0.0,1.0,0.0021750601021111086,0.0,2.0736196628664114e-267,0.0,0.0021750601021111086,5.225179111954678e-05
XGBoost,4.496125680954219e-247,2.3696514490810796e-186,0.0,0.0,0.0021750601021111086,1.0,0.0,9.774669544391139e-268,0.0,,0.00022586731520557557
Persistence,0.0,0.0,0.0,0.0,0.0,0.0,1.0,0.0,0.0,0.0,0.0
SmartPersistence,7.0522068656024e-90,4.081541675251771e-75,0.005838081924418847,0.20517822046003875,2.0736196628664114e-267,9.774669544391139e-268,0.0,1.0,0.0,9.774669544391139e-268,6.952674269260353e-270
GFS,0.0,0.0,0.0,0.0,0.0,0.0,0.0,0.0,1.0,0.0,0.0
AHSE_global,4.496125680954219e-247,2.3696514490810796e-186,0.0,0.0,0.0021750601021111086,,0.0,9.774669544391139e-268,0.0,1.0,0.00022586731520557557
AHSE,8.743214096366915e-252,8.759252314159863e-190,0.0,0.0,5.225179111954678e-05,0.00022586731520557557,0.0,6.952674269260353e-270,0.0,0.00022586731520557557,1.0
