Model,MAE_A,RMSE_A,R2_A,Skill_Score_Daily_A,MAE_B,RMSE_B,R2_B,Skill_Score_Daily_B
AHSE_global,0.2272297900838324,0.3037125667495375,0.4771272942914852,0.3466640858310166,0.1574893683537529,0.2153277361170665,0.7371727466780051,0.6715940955744322
AHSE,0.2272297900838324,0.3037125667495375,0.4771272942914852,0.3466640858310166,0.1585255670158013,0.2167927727155549,0.7335841570253314,0.6671101084094684
LightGBM,0.2296942998667055,0.3080359996177811,0.4621348609067022,0.3279308548474027,0.1587863049489243,0.2172020535745269,0.73257727999335,0.6658520031020705
XGBoost,0.2272297900838324,0.3037125667495375,0.4771272942914852,0.3466640858310166,0.1604390788851845,0.2194737233119486,0.7269541937852937,0.6588258873226795
N-HiTS,0.2518904092814964,0.3301839895323815,0.3820085464679716,0.2278120337246137,0.2518904092814964,0.3301839895323815,0.3820085464679716,0.2278120337246137
PatchTST,0.253010741501915,0.3237330633834982,0.4059205067590586,0.2576903239198927,0.253010741501915,0.3237330633834982,0.4059205067590586,0.2576903239198927
SmartPersistence,0.2581783735829587,0.375746112501677,0.1996877955598269,0.0,0.2581783735829587,0.375746112501677,0.1996877955598269,0.0
GRU,0.2584387840841254,0.3389567487360163,0.3487330818782456,0.1862339290735637,0.2584387840841254,0.3389567487360163,0.3487330818782456,0.1862339290735637
LSTM,0.2609467314097682,0.3428722569230055,0.3335997674134182,0.167324665437614,0.2609467314097682,0.3428722569230055,0.3335997674134182,0.167324665437614
GFS,,,,,0.2921913483744213,0.3770268619873257,0.1942226887174024,-0.0068287186076931
Persistence,0.5895164805257203,0.7233411278367956,-1.965901786720852,-2.705930973270028,0.5895164805257203,0.7233411278367956,-1.965901786720852,-2.705930973270028
