alpha,nominal,method,group,coverage,width,interval_score,n
0.2,0.8,split_mondrian,all,0.8064913825638446,0.5147350046755774,0.787503212692582,39745
0.2,0.8,split_mondrian,block:first_hour,0.7637130801687764,0.3496915454240166,0.626344440639236,1659
0.2,0.8,split_mondrian,block:1_to_6h,0.7898419592230668,0.46869802134446215,0.7613153952712105,8289
0.2,0.8,split_mondrian,block:6h_to_end,0.8135047152397893,0.5367307644409884,0.8037609977528987,29797
0.2,0.8,split_mondrian,regime:clear,0.8711834961997829,0.5213144639856798,0.6777915804959752,23025
0.2,0.8,split_mondrian,regime:variable,0.7205730320484419,0.5256029147285747,0.9777019348256412,13542
0.2,0.8,split_mondrian,regime:overcast,0.7039018250471994,0.42075599632038685,0.7719082586966689,3178
0.2,0.8,aci_mondrian,all,0.8023399169706882,0.5082482649822181,0.7887403873145682,39745
0.2,0.8,aci_mondrian,block:first_hour,0.758288125376733,0.3477581370629313,0.62828621627002,1659
0.2,0.8,aci_mondrian,block:1_to_6h,0.7877910483773676,0.4636473848865318,0.7614664334420027,8289
0.2,0.8,aci_mondrian,block:6h_to_end,0.808839816088868,0.5295910114778801,0.8052610864927606,29797
0.2,0.8,aci_mondrian,regime:clear,0.8686210640608035,0.5169767596150786,0.6763456001195144,23025
0.2,0.8,aci_mondrian,regime:variable,0.7142962634765914,0.514746575557248,0.9835879044447883,13542
0.2,0.8,aci_mondrian,regime:overcast,0.697293895531781,0.4173188405867911,0.7727759122323394,3178
0.2,0.8,split_pooled,all,0.7868662724871053,0.4865736547128225,0.7888707356398686,39745
0.2,0.8,split_pooled,block:first_hour,0.864376130198915,0.48550282967493036,0.6436066833635752,1659
0.2,0.8,split_pooled,block:1_to_6h,0.7973217517191459,0.4875830604764353,0.763816391755712,8289
0.2,0.8,split_pooled,block:6h_to_end,0.7796422458636776,0.4863524758815065,0.8039282420728029,29797
0.2,0.8,split_pooled,regime:clear,0.8416938110749186,0.4896959800693171,0.6746695725089733,23025
0.2,0.8,split_pooled,regime:variable,0.6984935755427558,0.48603067892135304,0.9800415954582083,13542
0.2,0.8,split_pooled,regime:overcast,0.7662051604782882,0.4662657367879609,0.8016605397395875,3178
0.2,0.8,split_spread,all,0.7769782362561328,0.47945087222372995,0.7889499811329336,39745
0.2,0.8,split_spread,block:first_hour,0.7510548523206751,0.34782412064969426,0.6441654066317296,1659
0.2,0.8,split_spread,block:1_to_6h,0.7672819399203764,0.44724569999994324,0.7684901643120953,8289
0.2,0.8,split_spread,block:6h_to_end,0.7811189045877102,0.4957383324856453,0.802702675388242,29797
0.2,0.8,split_spread,regime:clear,0.8266666666666667,0.4758797000619626,0.6706915526646752,23025
0.2,0.8,split_spread,regime:variable,0.6923644956431841,0.48445649606809593,0.9832032115062629,13542
0.2,0.8,split_spread,regime:overcast,0.7775330396475771,0.48399463588775926,0.8180006638786933,3178
0.2,0.8,aci_spread,all,0.7948421185054724,0.5052483988328713,0.7881191401724391,39745
0.2,0.8,aci_spread,block:first_hour,0.7613019891500904,0.36435051573550087,0.6424561185513831,1659
0.2,0.8,aci_spread,block:1_to_6h,0.7863433466039329,0.46911159445918615,0.7663998852061824,8289
0.2,0.8,aci_spread,block:6h_to_end,0.799073732254925,0.5231457562685867,0.802271096989724,29797
0.2,0.8,aci_spread,regime:clear,0.8447339847991314,0.5043674146103493,0.6761112763786487,23025
0.2,0.8,aci_spread,regime:variable,0.7090533156106926,0.5048656176728865,0.9739986395554013,13542
0.2,0.8,aci_spread,regime:overcast,0.7989301447451227,0.5132623334433432,0.8075656106595235,3178
0.2,0.8,split_GFS,all,0.7838721851805258,0.4698908162903999,0.7637763355978614,39745
0.2,0.8,split_GFS,block:first_hour,0.7697408077154912,0.3520261671414943,0.6248357693998732,1659
0.2,0.8,split_GFS,block:1_to_6h,0.773193388828568,0.43894115793201977,0.7395525951199419,8289
0.2,0.8,split_GFS,block:6h_to_end,0.7876296271436721,0.4850627856521023,0.7782507116808207,29797
0.2,0.8,split_GFS,regime:clear,0.8231487513572204,0.43811672446143524,0.6402508278216812,23025
0.2,0.8,split_GFS,regime:variable,0.7199822773593265,0.5207083823743592,0.9674033116501993,13542
0.2,0.8,split_GFS,regime:overcast,0.7715544367526747,0.48355569497288337,0.7910445252913119,3178
0.1,0.9,split_mondrian,all,0.9125927789659076,0.7672641905756977,0.9914144084610681,39745
0.1,0.9,split_mondrian,block:first_hour,0.8836648583484027,0.5018032735147575,0.785828048148551,1659
0.1,0.9,split_mondrian,block:1_to_6h,0.8943177705392689,0.682148720389082,0.9537771866003864,8289
0.1,0.9,split_mondrian,block:6h_to_end,0.9192871765613988,0.8057218136176468,1.0133307994991476,29797
0.1,0.9,split_mondrian,regime:clear,0.9512269272529859,0.8019580116114249,0.9091906383325585,23025
0.1,0.9,split_mondrian,regime:variable,0.8600649830158027,0.7535892172492089,1.157335757084788,13542
0.1,0.9,split_mondrian,regime:overcast,0.8565135305223411,0.5741745931684278,0.8801165494763349,3178
0.1,0.9,aci_mondrian,all,0.9050446597056233,0.7445116718827541,0.9901540548068635,39745
0.1,0.9,aci_mondrian,block:first_hour,0.869198312236287,0.482764546729368,0.7917721678450842,1659
0.1,0.9,aci_mondrian,block:1_to_6h,0.8873205453010014,0.6615034968871825,0.9567074163110585,8289
0.1,0.9,aci_mondrian,block:6h_to_end,0.9119710037923281,0.7821763107110846,1.0105035778112368,29797
0.1,0.9,aci_mondrian,regime:clear,0.9472312703583062,0.7799391007261505,0.8963068601654921,23025
0.1,0.9,aci_mondrian,regime:variable,0.8477329788805199,0.7275324801010669,1.1736216101771824,13542
0.1,0.9,aci_mondrian,regime:overcast,0.8436123348017621,0.5601868342453759,0.8883019534200529,3178
0.1,0.9,split_pooled,all,0.9116115234620707,0.7274306471466553,0.9674257073293471,39745
0.1,0.9,split_pooled,block:first_hour,0.9602169981916817,0.72507237246152,0.8391454886798891,1659
0.1,0.9,split_pooled,block:1_to_6h,0.9179635661720352,0.7280139051827029,0.9392620517780507,8289
0.1,0.9,split_pooled,block:6h_to_end,0.9071383025136759,0.7273996961060082,0.9824025648520555,29797
0.1,0.9,split_pooled,regime:clear,0.9460586319218242,0.7371070086036552,0.8564365523600597,23025
0.1,0.9,split_pooled,regime:variable,0.8534189927632551,0.7265236930237646,1.1626871253702022,13542
0.1,0.9,split_pooled,regime:overcast,0.9100062932662052,0.6611889071166884,0.9395135519041045,3178
0.1,0.9,split_spread,all,0.8995345326456158,0.698160314362529,0.973343937430035,39745
0.1,0.9,split_spread,block:first_hour,0.8698010849909584,0.5293292321705749,0.823433149037865,1659
0.1,0.9,split_spread,block:1_to_6h,0.872481602123296,0.6168293771180218,0.9634206542680732,8289
0.1,0.9,split_spread,block:6h_to_end,0.9087156425143471,0.7301851123011195,0.9844509647170812,29797
0.1,0.9,split_spread,regime:clear,0.9338979370249728,0.6983801184490225,0.8449457805013582,23025
0.1,0.9,split_spread,regime:variable,0.8415300546448088,0.7034608160345561,1.1886608682563633,13542
0.1,0.9,split_spread,regime:overcast,0.8977344241661422,0.6739814651699241,0.98610217721375,3178
0.1,0.9,aci_spread,all,0.900364825764247,0.7042035462802712,0.9745806667136678,39745
0.1,0.9,aci_spread,block:first_hour,0.8698010849909584,0.527007770991703,0.8215831918596942,1659
0.1,0.9,aci_spread,block:1_to_6h,0.8741705875256364,0.6221342796490417,0.963409316827522,8289
0.1,0.9,aci_spread,block:6h_to_end,0.9093532905997248,0.7368994533282961,0.9862067408147184,29797
0.1,0.9,aci_spread,regime:clear,0.9371118349619978,0.7076622258413733,0.8460972956014456,23025
0.1,0.9,aci_spread,regime:variable,0.8380593708462561,0.7030865513379344,1.1915166755464575,13542
0.1,0.9,aci_spread,regime:overcast,0.8996224040276903,0.6839046943654661,0.9810571261992824,3178
0.1,0.9,split_GFS,all,0.8978991068058876,0.666401642616212,0.9355183883320658,39745
0.1,0.9,split_GFS,block:first_hour,0.8836648583484027,0.5034730386918511,0.7925253652513308,1659
0.1,0.9,split_GFS,block:1_to_6h,0.8821329472795271,0.6049924782574927,0.8984883268930864,8289
0.1,0.9,split_GFS,block:6h_to_end,0.9030774910225862,0.6925559238284125,0.9537808847095077,29797
0.1,0.9,split_GFS,regime:clear,0.9245602605863192,0.6305780888452263,0.7983581755473184,23025
0.1,0.9,split_GFS,regime:variable,0.8509082853345148,0.7292693873354209,1.1717615794575476,13542
0.1,0.9,split_GFS,regime:overcast,0.9049716803020768,0.6580575037204968,0.9225884340046691,3178
