Model,RMSE,MAE,R2,Skill_Score,Skill_Score_Daily,nRMSE
AHSE_global,0.14289254810711974,0.07459462669290677,0.7098853907466106,0.888636502200101,0.7145887262513886,15.231136795355246
XGBoost,0.14490010157533367,0.07722325485174314,0.7016762584239231,0.8854853417269715,0.7065126803100319,15.445125011699698
LightGBM,0.14495522946431585,0.07748983904298738,0.7014492180506381,0.8853981899279777,0.7062893207132903,15.451001178297954
AHSE,0.1449700321356692,0.076007210653565,0.7013882395709601,0.8853747827069317,0.7062293308161909,15.452579017837568
N-HiTS,0.16254239304095844,0.10131866372918226,0.6246091036646781,0.8559023161028478,0.630694937588892,17.3256440328527
PatchTST,0.1688089100476001,0.09639510596062005,0.5951061604769486,0.8445773057656137,0.6016702958577744,17.9936017326974
GRU,0.17242344021083686,0.10618733501438443,0.5775813839689705,0.8378502387795269,0.584429630873085,18.37888007013684
LSTM,0.1887506653235915,0.11691204638742021,0.4937938469949499,0.8056875248318277,0.5020004567147873,20.119224143184656
SmartPersistence,0.2674693479169417,0.1450646852233427,-0.01647915109660536,0.6098139490523864,0.0,28.509969768566414
Persistence,0.42819160579453386,0.2061041777047332,-1.6051140183713994,0.0,-1.5628799327176872,45.64160279086252
