Model,MAE_kW,RMSE_kW,nMAE_pct,nRMSE_pct,R2,Skill_vs_dayahead
AHSE,31.381148933441228,53.484973474613156,4.086087100708493,6.964189254506921,0.9272728188857174,0.5402671584182013
XGBoost,31.423659737992757,53.50927933236357,4.091622361717807,6.9673540797348394,0.9272067031877069,0.5398492189730879
AHSE_global,31.423659737992757,53.50927933236357,4.091622361717807,6.9673540797348394,0.9272067031877069,0.5398492189730879
LightGBM,32.341909798896275,54.38383677892286,4.211186171731286,7.08122874725558,0.9248077859584704,0.5246848606462688
N-HiTS,40.32531522485676,67.23040698133251,5.250692086569891,8.753959242361004,0.8850881898836713,0.2736040062782922
GRU,40.337370574549574,66.28165837510436,5.252261793561142,8.630424267591712,0.8883085530480951,0.29396099916351726
SmartPersistence,40.557054012348765,78.88220103640123,5.2808664078579115,10.271119926614743,0.8418055563225573,0.0
PatchTST,41.0612417677273,67.87825801118187,5.346515855172826,8.838314845205973,0.8828628746473716,0.25953704422470025
LSTM,44.39113595969628,72.38475706331904,5.780095828085453,9.425098575953,0.8667928834265632,0.15795325374989122
GFS,46.535030572426756,73.59688538798817,6.059248772451401,9.582927784894293,0.862294255958272,0.12951592457628336
Persistence,195.66455702025698,282.5160855755693,25.477155862012626,36.78594864265225,-1.0291751992183822,-11.827095263572314
