Model,n_runs,MAE_mean,MAE_std,MAE_min,MAE_max,RMSE_mean,RMSE_std,RMSE_min,RMSE_max,R2_mean,R2_std,R2_min,R2_max,Skill_Score_Daily_mean,Skill_Score_Daily_std,Skill_Score_Daily_min,Skill_Score_Daily_max
AHSE,5,0.1068,0.00083,0.10563,0.10764,0.17211,0.00393,0.16924,0.17903,0.49929,0.02316,0.45844,0.51604,0.36172,0.02952,0.30965,0.38307
AHSE_global,5,0.10921,0.00114,0.10824,0.11093,0.17094,0.00129,0.1696,0.17234,0.50621,0.00746,0.49812,0.51395,0.37054,0.00951,0.36023,0.38041
PatchTST,5,0.11837,0.00233,0.11571,0.12172,0.18311,0.0022,0.1805,0.18518,0.43339,0.01359,0.42054,0.44946,0.27772,0.01732,0.26134,0.2982
N-HiTS,5,0.11889,0.00315,0.11547,0.12381,0.18328,0.00599,0.17767,0.19266,0.43189,0.03754,0.37283,0.46659,0.2758,0.04785,0.20052,0.32004
XGBoost,5,0.11964,0.00024,0.11933,0.11993,0.17666,0.00022,0.17631,0.17687,0.47268,0.0013,0.47141,0.47473,0.3278,0.00166,0.32619,0.33041
SmartPersistence,5,0.12032,0.0,0.12032,0.12032,0.21547,0.0,0.21547,0.21547,0.21553,0.0,0.21553,0.21553,0.0,0.0,0.0,0.0
LightGBM,5,0.12228,0.00017,0.12209,0.12252,0.18086,0.00015,0.18073,0.18106,0.44726,0.0009,0.44608,0.4481,0.2954,0.00115,0.29389,0.29647
GRU,5,0.13084,0.00265,0.12724,0.13386,0.19268,0.00222,0.19027,0.19479,0.37265,0.01441,0.35884,0.38826,0.20029,0.01837,0.18269,0.22019
LSTM,5,0.13651,0.00456,0.13156,0.14203,0.2007,0.00512,0.19543,0.20682,0.319,0.03478,0.27721,0.35466,0.13189,0.04434,0.07862,0.17735
Persistence,5,0.54091,0.0,0.54091,0.54091,0.6841,0.0,0.6841,0.6841,-6.90783,0.0,-6.90783,-6.90783,-9.08048,0.0,-9.08048,-9.08048
