,PatchTST,N-HiTS,LSTM,GRU,LightGBM,XGBoost,Persistence,SmartPersistence,AHSE_global,AHSE
PatchTST,1.0,0.0,4.900120506375439e-141,1.1511188579104132e-185,0.0,0.0,0.0,9.31017327698879e-119,0.0,0.0
N-HiTS,0.0,1.0,0.0,0.0,3.8807141379378135e-160,5.927662536997695e-246,0.0,0.0,0.0,4.105513859940273e-299
LSTM,4.900120506375439e-141,0.0,1.0,1.2620277545590366e-05,0.0,0.0,0.0,0.0,0.0,0.0
GRU,1.1511188579104132e-185,0.0,1.2620277545590366e-05,1.0,0.0,0.0,0.0,0.0,0.0,0.0
LightGBM,0.0,3.8807141379378135e-160,0.0,0.0,1.0,1.2215371228299778e-127,0.0,0.0,4.293174352652432e-141,5.000120343207836e-13
XGBoost,0.0,5.927662536997695e-246,0.0,0.0,1.2215371228299778e-127,1.0,0.0,0.0,4.279737620726972e-57,0.43559876151577526
Persistence,0.0,0.0,0.0,0.0,0.0,0.0,1.0,0.0,0.0,0.0
SmartPersistence,9.31017327698879e-119,0.0,0.0,0.0,0.0,0.0,0.0,1.0,0.0,0.0
AHSE_global,0.0,0.0,0.0,0.0,4.293174352652432e-141,4.279737620726972e-57,0.0,0.0,1.0,6.904125884695878e-209
AHSE,0.0,4.105513859940273e-299,0.0,0.0,5.000120343207836e-13,0.43559876151577526,0.0,0.0,6.904125884695878e-209,1.0
