Model,n_runs,MAE_kW_mean,MAE_kW_std,nMAE_pct_mean,nMAE_pct_std,RMSE_kW_mean,RMSE_kW_std,nRMSE_pct_mean,nRMSE_pct_std,R2_mean,R2_std,Skill_vs_dayahead_mean,Skill_vs_dayahead_std
AHSE,1,20.388,,7.5233,,29.2597,,10.7969,,0.8078,,0.6756,
AHSE_global,1,20.471,,7.5539,,29.3022,,10.8126,,0.8072,,0.6747,
XGBoost,1,20.471,,7.5539,,29.3022,,10.8126,,0.8072,,0.6747,
LightGBM,1,20.7935,,7.6729,,29.9711,,11.0594,,0.7983,,0.6597,
GFS,1,28.627,,10.5635,,38.6506,,14.2622,,0.6646,,0.434,
GRU,1,28.89,,10.6605,,39.9762,,14.7514,,0.6412,,0.3945,
LSTM,1,29.6738,,10.9497,,40.8234,,15.064,,0.6259,,0.3686,
PatchTST,1,29.9697,,11.0589,,43.0023,,15.868,,0.5849,,0.2994,
N-HiTS,1,30.5117,,11.2589,,42.4657,,15.67,,0.5952,,0.3167,
SmartPersistence,1,34.132,,12.5948,,51.374,,18.9572,,0.4075,,0.0,
Persistence,1,68.2471,,25.1834,,91.7946,,33.8725,,-0.8917,,-2.1926,
