month,7,8,9,10,11,12,13,14,15,16,17
1,0.0,0.073,0.303,0.598,0.845,0.95,0.939,0.779,0.378,0.048,0.028
2,,0.061,0.404,0.764,0.888,0.923,0.937,0.915,0.669,0.228,0.051
3,,0.0,0.411,0.698,0.831,0.891,0.921,0.873,0.525,0.085,0.0
4,,0.5,0.912,0.925,0.967,0.96,0.968,0.955,0.862,0.475,0.0
5,,0.5,0.37,0.743,0.999,1.0,1.0,0.988,0.909,0.543,
6,,,0.227,0.62,0.987,1.0,0.999,0.96,0.81,0.345,
7,,,0.282,0.676,0.971,1.0,1.0,1.0,0.94,0.822,
8,,0.0,0.347,0.895,0.998,1.0,1.0,1.0,0.903,0.487,
9,,0.048,0.575,0.961,1.0,1.0,1.0,0.938,0.604,0.11,0.0
10,0.0,0.12,0.578,0.916,0.979,0.979,0.949,0.847,0.449,0.112,0.0
11,0.0,0.207,0.562,0.8,0.918,0.967,0.892,0.728,0.492,0.162,0.125
12,,0.196,0.383,0.704,0.898,0.931,0.918,0.74,0.4,0.177,0.024
