site,nameplate_kW,p99.9_kW,p99.9_over_nameplate,clear_instants,share_curtailed,share_curtailed_11_13h,median_ratio
DesertGardens,1058.4,755.5,0.71,149295,0.821,0.979,0.46
ServiceStation,226.8,201.4,0.89,147777,0.253,0.298,0.88
ConnellanAirport,105.9,96.4,0.91,148720,0.493,0.492,0.8
Sails1,22.6,21.1,0.93,148634,0.104,0.101,0.91
Sails2,38.3,35.9,0.94,148785,0.106,0.107,0.91
Sails3,45.8,43.1,0.94,148559,0.16,0.156,0.91
SailsCombined,106.6,103.6,0.97,147719,0.183,0.184,0.9
Laundry,327.6,290.1,0.89,147122,0.204,0.23,0.89
Total,1820.0,1297.1,0.71,147719,0.801,0.968,0.6
