site,year,daytime_n,missing,zero_output,stuck,low_vs_peers
DesertGardens,2016,23864,0.0002,0.0728,0.0028,0.0
DesertGardens,2017,34059,0.0002,0.0051,0.0007,0.0
DesertGardens,2018,33635,0.0004,0.0531,0.0,0.0
DesertGardens,2019,34154,0.0001,0.0002,0.0,0.0
DesertGardens,2020,33950,0.0004,0.0002,0.0,0.0
DesertGardens,2021,33627,0.0006,0.001,0.0,0.0
DesertGardens,2022,31466,0.0,0.0028,0.0,0.0
DesertGardens,2023,30135,0.0283,0.0008,0.0,0.0
DesertGardens,2024,30204,0.0871,0.0392,0.0,0.0
DesertGardens,2025,42150,0.023,0.224,0.0019,0.0
DesertGardens,2026,3951,0.0003,0.0025,0.0,0.0
ServiceStation,2016,23864,0.0214,0.0377,0.0,0.0372
ServiceStation,2017,34059,0.0005,0.0001,0.0,0.0013
ServiceStation,2018,33635,0.0006,0.0001,0.0,0.0007
ServiceStation,2019,34154,0.0003,0.0001,0.0,0.0007
ServiceStation,2020,33950,0.0009,0.5718,0.0,0.0004
ServiceStation,2021,33627,0.0013,0.4107,0.0,0.376
ServiceStation,2022,31466,0.0026,0.0754,0.0,0.0688
ServiceStation,2023,30135,0.0648,0.0073,0.0,0.0014
ServiceStation,2024,30204,0.1974,0.0401,0.0,0.0257
ServiceStation,2025,42150,0.0359,0.2197,0.0051,0.2123
ServiceStation,2026,3951,0.0086,0.0015,0.0,0.004
SailsCombined,2016,23864,0.0403,0.0259,0.0,0.0276
SailsCombined,2017,34059,0.0017,0.0,0.0052,0.0031
SailsCombined,2018,33635,0.0003,0.0257,0.0283,0.0296
SailsCombined,2019,34154,0.0102,0.0086,0.01,0.0117
SailsCombined,2020,33950,0.0062,0.5662,0.0034,0.0053
SailsCombined,2021,33627,0.0001,0.0359,0.0,0.0016
SailsCombined,2022,31466,0.0002,0.0539,0.005,0.0082
SailsCombined,2023,30135,0.0323,0.0263,0.0107,0.0223
SailsCombined,2024,30204,0.0956,0.0524,0.002,0.0394
SailsCombined,2025,42150,0.0241,0.2173,0.0017,0.2129
SailsCombined,2026,3951,0.001,0.0015,0.0,0.0094
Laundry,2016,23864,0.0242,0.0412,0.0,0.0427
Laundry,2017,34059,0.0004,0.0,0.0,0.0028
Laundry,2018,33635,0.0013,0.0,0.0,0.0019
Laundry,2019,34154,0.0001,0.0001,0.0,0.0015
Laundry,2020,33950,0.0017,0.5715,0.0,0.0009
Laundry,2021,33627,0.0008,0.4244,0.0,0.3901
Laundry,2022,31466,0.0008,0.1581,0.0,0.1122
Laundry,2023,30135,0.1199,0.0122,0.0,0.0083
Laundry,2024,30204,0.1238,0.0297,0.0,0.0274
Laundry,2025,42150,0.0337,0.2196,0.0051,0.214
Laundry,2026,3951,0.001,0.0015,0.0,0.0061
ConnellanAirport,2016,23864,0.0002,0.038,0.0,0.0398
ConnellanAirport,2017,34059,0.0007,0.0001,0.0,0.0044
ConnellanAirport,2018,33635,0.0,0.0002,0.0,0.0033
ConnellanAirport,2019,34154,0.0001,0.0138,0.0097,0.0168
ConnellanAirport,2020,33950,0.001,0.572,0.0,0.0022
ConnellanAirport,2021,33627,0.0002,0.0359,0.0,0.0016
ConnellanAirport,2022,31466,0.0002,0.0475,0.0,0.0024
ConnellanAirport,2023,30135,0.0364,0.0072,0.0,0.0037
ConnellanAirport,2024,30204,0.1427,0.0616,0.0,0.0503
ConnellanAirport,2025,42150,0.0354,0.2128,0.0,0.2109
ConnellanAirport,2026,3951,0.0008,0.0015,0.0,0.0094
Total,2016,23864,0.0403,0.0253,0.0,0.0
Total,2017,34059,0.0017,0.0001,0.0052,0.0
Total,2018,33635,0.0003,0.0257,0.0283,0.0
Total,2019,34154,0.0102,0.0086,0.01,0.0
Total,2020,33950,0.0062,0.0003,0.0,0.0
Total,2021,33627,0.0001,0.0003,0.0,0.0
Total,2022,31466,0.0002,0.0061,0.005,0.0
Total,2023,30135,0.0323,0.0203,0.0107,0.0
Total,2024,30204,0.0956,0.0331,0.002,0.0
Total,2025,42150,0.0241,0.216,0.0017,0.0
Total,2026,3951,0.001,0.0015,0.0,0.0
