month,7,8,9,10,11,12,13,14,15,16,17,18
1,0.071,0.101,0.346,0.575,0.804,0.931,0.906,0.695,0.404,0.251,0.303,
2,,0.004,0.236,0.678,0.9,0.946,0.965,0.837,0.372,0.158,0.072,
3,,0.0,0.203,0.653,0.871,0.91,0.872,0.699,0.268,0.022,0.15,
4,,0.114,0.614,0.897,0.933,0.937,0.945,0.899,0.586,0.173,0.0,
5,,0.205,0.492,0.851,0.986,0.999,1.0,0.977,0.897,0.229,,
6,,,0.301,0.76,0.945,0.996,0.995,0.947,0.877,0.182,,
7,,,0.278,0.801,0.946,0.998,1.0,0.988,0.941,0.37,,
8,,0.2,0.425,0.881,0.985,0.99,0.99,0.99,0.975,0.631,,
9,,0.226,0.81,0.961,0.983,0.98,0.976,0.966,0.853,0.414,0.091,
10,0.153,0.377,0.872,0.975,0.99,0.995,0.994,0.976,0.745,0.362,0.212,
11,0.187,0.33,0.769,0.908,0.943,0.944,0.939,0.865,0.541,0.326,0.272,
12,,0.296,0.505,0.782,0.895,0.92,0.912,0.778,0.41,0.184,0.101,0.0
